case_id,high_risk_moment,stakeholder,stakeholder_type,failure_mode,failure_layer,harm_lens,harm_description,severity_1_5,likelihood_1_5,scale_1_5,frequency_1_5,evidence_source_ids,existing_controls,proposed_controls,human_oversight,residual_severity_1_5,residual_likelihood_1_5,owner,monitoring_metric,trigger_threshold,response_action
CASE-01,Draft disposition for an intake that already contains early deterioration signs,Adult patient with early sepsis-like deterioration,user-customer,escalation-failure,model,injury,"The assistant drafts a routine or self-care disposition for a patient who is deteriorating, the nurse anchors on that draft, and time-critical treatment starts hours late",5,3,3,3,SRC-01;SRC-04,"Static red-flag card in the app telling the patient to call 115, and a triage protocol the nurse can consult manually","Deterministic red-flag rule set that can escalate but never downgrade a draft, mandatory uncertainty label with the evidence the draft used, and a retrospective under-triage evaluation before any scope increase","The triage nurse sees the patient's own words next to the draft, must record a reason code when confirming or changing it, and the shift supervisor re-reviews every intake the nurse downgrades from the draft",5,2,Clinical Safety Officer,"Weekly under-triage rate from nurse and outcome audit, plus count of missed red flags","Any single missed red flag, or under-triage rate above 2 percent in one weekly audit","Pause the draft disposition within one hour, fall back to the plain nurse queue, preserve transcripts and rule versions, and open a clinical incident review before re-enabling"
CASE-01,Nurse works the queue when the assistant flags a large share of intakes as urgent,Triage nurse on shift,operator,over-reliance,user-experience,other,"Over-flagging desensitises nurses so genuine escalations are dismissed as noise, while review time per case falls below what a safe decision needs",4,4,3,4,SRC-01;SRC-05,"Queue is first-in-first-out today, with no alert volume budget and no measure of review time per case","Cap the share of intakes the assistant may mark urgent per shift, tune thresholds against the retrospective evaluation, and show a short reason instead of a bare urgency badge",The supervisor monitors alert volume and median review time per case each shift and can switch the console back to the plain queue without product approval,3,2,Call Centre Operations Lead,"Share of intakes marked urgent, median nurse review time per case, and nurse override rate","Urgent share above 15 percent of intakes for two consecutive shifts, or median review time per case below 45 seconds","Raise the urgency threshold, add staffing for the shift, and stop queue re-ordering until the alert volume returns inside the agreed budget"
CASE-02,Queue priority is computed from intake features that stand in for prior healthcare use,"Patients with little prior contact with the hospital, including rural and low-income households",user-customer,bias-fairness,data,discrimination,"Features that correlate with past spending or app fluency push equally sick patients further down the queue, so the people with the least access wait the longest",4,4,4,4,SRC-02;SRC-04,No subgroup measurement of queue position or disposition exists today,"Forbid prior-utilisation, insurance-tier and payment features in the priority signal, evaluate disposition and wait time by age band, language, insurance status and province, and publish the subgroup results in the release pack",The clinical safety officer reviews the monthly subgroup report and can require a rollback to the plain queue; nurses can re-prioritise any case and their overrides are analysed by subgroup,3,2,Digital Care Product Owner,Gap in median time-to-nurse-decision and in urgent-disposition rate between monitored subgroups,"A gap above 10 percentage points, or a wait-time gap above 15 minutes, in two consecutive monthly reports","Disable priority ordering and revert to first-in-first-out, investigate the feature and data source, and require an independent re-validation before restoring it"
CASE-02,Same-day clinic capacity is consumed by intakes the assistant ranked upward,Patients in the same catchment who never used the app and book by phone or walk in,affected-non-customer,bias-fairness,governance-process,misinformation-opportunity-loss,"Reordering the digital queue quietly reallocates a fixed number of same-day slots, so patients who do not use the app lose access without ever interacting with the assistant",3,3,4,3,SRC-02;SRC-05,Same-day capacity is shared across channels with no reservation rule and no monitoring by channel,"Reserve a fixed share of same-day capacity for non-app channels, report slot allocation by channel weekly, and treat any drop in the phone and walk-in share as a product defect",The call centre supervisor reviews the weekly channel split and the clinical safety officer can suspend queue re-ordering when the reserved share is breached,2,2,Call Centre Operations Lead,Weekly share of same-day slots allocated to phone and walk-in patients,Non-app share falls more than 5 percentage points below the reserved floor in any week,"Restore the reserved capacity immediately, suspend queue re-ordering, and report the imbalance to the clinical safety review"
CASE-03,"Patient describes food, weight or self-harm content in the free-text symptom box",Patient with an eating disorder or another mental-health vulnerability,user-customer,harmful-advice,safety-system,injury,"The assistant answers a vulnerable disclosure with generic lifestyle or weight guidance instead of routing to a clinician, which can reinforce the disorder and delay real help",5,3,2,2,SRC-03;SRC-04,Mental-health crisis triage is written as a non-goal but nothing in the product enforces it,"Deterministic classifier that hands any eating-disorder, self-harm or crisis disclosure to a human pathway with the crisis hotline card and no generated advice, plus red-team tests on this exact content before each release","A trained nurse takes over the case directly, no generated text is shown for these disclosures, and the clinical safety officer reviews every triggered case within one working day",4,2,Clinical Safety Officer,"Count of crisis-content intakes that received generated text, and hand-off latency for triggered cases",Any single case where generated advice reaches a crisis-content intake,"Disable free-text generation product-wide within one hour, route all intakes to nurses, preserve the transcript, and run a clinical incident review before restoring"
CASE-03,Vendor updates the model or the served prompt between two releases of our app,All patients using the assistant after an unannounced vendor change,user-customer,system-failure,governance-process,injury,"Behaviour we validated silently changes in production, so a system we approved as narrow decision support starts answering outside its approved scope and nobody notices until a patient is harmed",5,3,4,2,SRC-03;SRC-04,The current vendor agreement has no notice period for model or prompt changes and no version pinning,"Contractual change notice with version pinning, a fixed golden test set that runs automatically on every model or prompt version, and a release gate that blocks traffic to an unvalidated version","The clinical safety officer must sign off each model version before it serves patients, and the on-call engineer can pin back to the last approved version without vendor approval",4,2,Digital Care Product Owner,"Model and prompt version served in production versus the approved version, plus golden test pass rate per version","Any production traffic on an unapproved version, or any golden test regression on the red-flag set","Pin back to the last approved version, notify the clinical safety committee, and keep the feature paused until the new version passes the golden test set"
CASE-03,Family member enters symptoms on behalf of an elderly relative who does not use the app,Elderly relative who never used the product and cannot correct what was entered,affected-non-customer,hallucination,model,injury,"The assistant produces a confident but fabricated instruction, the relative acts on it at home, and the patient who is actually affected never sees the nurse or the safety-net wording",5,3,3,3,SRC-04;SRC-01,The intake flow assumes the patient is the person typing and there is no proxy path,"Explicit proxy-intake mode that records who is answering, restricts drafts to protocol-grounded text with citations to the approved protocol, and requires a nurse call-back to the patient or carer before any self-care disposition","The nurse must speak to the patient or the carer before a self-care disposition is issued in proxy mode, and can escalate without a supervisor",4,2,Clinical Safety Officer,"Share of proxy intakes closed without a nurse call-back, and rate of drafts not grounded in the approved protocol",Any proxy intake closed with self-care advice and no recorded call-back,"Force every proxy intake into the nurse call-back queue, review the ungrounded drafts, and disable self-care dispositions in proxy mode until the grounding check passes"
CASE-03,Free-text symptom description and transcript are sent to the vendor-hosted model,"Patient whose free text contains names, identifiers or third-party health details",user-customer,privacy-leak,integration-tooling,privacy-loss,"Health data that is sensitive personal data leaves the hospital boundary, is retained longer than needed or is exposed in logs and support tooling",4,3,4,3,SRC-08;SRC-04,"A data-processing agreement exists but retention, vendor support access and log scope are not yet evidenced","Redact direct identifiers before the vendor call, set and test a retention limit for transcripts, restrict vendor support access with logged approval, and record the transfer path in the data inventory",The data protection officer approves the transfer path and retention schedule before launch and audits vendor access quarterly,3,2,Data Protection Officer,"Number of vendor calls containing unredacted direct identifiers, and transcripts held past the retention limit","Any unredacted identifier in a sampled vendor call, or any transcript retained past the approved limit","Stop the vendor call path, purge the over-retained data, notify the data protection officer, and re-enable only after the redaction test passes"
CASE-03,Patient pastes text from another source into the symptom box,Patient whose intake carries injected instructions from copied content,user-customer,security-injection,integration-tooling,security-abuse,"Instructions hidden in pasted content steer the assistant to ignore the protocol, drop the red-flag wording or reveal parts of the system prompt and other case context",4,3,3,2,SRC-10;SRC-04,Untrusted patient text is passed to the model with no separation from instructions,"Treat all patient text as data and never as instruction, run injection test cases in the release suite, and keep the red-flag rules outside the model so no prompt can suppress them",The security lead signs off the injection test results before each release and the on-call engineer can disable free-text intake and fall back to structured questions,3,2,Security Lead,"Injection test pass rate per release, and count of production cases where the protocol grounding check failed","Any failed injection test in the release suite, or any production case where red-flag wording was suppressed","Fall back to structured-question intake without free text, patch the separation, and re-run the injection suite before restoring free text"
